date,customer_id,consultant_id,hours_billed,revenue_usd
2024-01-02,C001,,0,4999.50
2024-01-02,C002,,0,202.35
2024-01-02,C002,,0,288.20
2024-01-02,C002,,0,656.25
2024-01-02,C002,,0,151.20
2024-01-02,C002,,0,2104.90
2024-01-02,C002,,0,2396.85
2024-01-02,C002,,0,36.30
2024-01-03,C003,,0,111.00
2024-01-04,C004,,0,1409.10
2024-01-04,C004,,0,203.70
2024-01-11,C001,,0,2219.14
2024-01-11,C001,,0,2308.00
2024-01-11,C001,,0,2581.27
2024-01-11,C001,,0,3977.38
2024-01-11,C001,,0,3311.75
2024-01-11,C001,,0,1362.87
2024-01-11,C001,,0,3035.60
2024-01-11,C001,,0,525.60
2024-01-11,C001,,0,1438.80
2024-01-11,C001,,0,168.00
2024-01-11,C005,,0,2274.50
2024-01-11,C006,,0,668.70
2024-01-12,C007,,0,500.00
2024-01-12,C007,,0,1012.50
2024-01-12,C007,,0,50.00
2024-01-16,C008,,0,210.00
2024-01-19,C001,,0,3936.40
2024-01-19,C001,,0,692.20
2024-01-19,C001,,0,99.00
2024-01-19,C001,,0,788.43
2024-01-19,C001,,0,513.53
2024-01-19,C001,,0,273.73
2024-01-19,C001,,0,2515.26
2024-01-19,C001,,0,802.72
2024-01-19,C001,,0,501.99
2024-01-19,C009,,0,48.27
2024-01-19,C009,,0,130.19
2024-01-19,C009,,0,69.04
2024-01-23,C010,,0,99.05
2024-01-23,C010,,0,81.15
2024-01-24,C011,,0,480.00
2024-01-24,C011,,0,-20.00
2024-01-25,C009,,0,130.19
2024-01-25,C009,,0,351.11
2024-01-25,C009,,0,186.20
2024-01-30,C012,,0,109.63
2024-01-30,C012,,0,1698.78
2024-01-30,C012,,0,321.27
2024-01-30,C012,,0,188.56
2024-01-30,C012,,0,40.39
2024-01-30,C012,,0,413.45
2024-01-30,C012,,0,100.80
2024-01-30,C012,,0,4423.50
2024-01-30,C012,,0,1045.50
2024-01-30,C012,,0,109.20
2024-01-30,C012,,0,1609.20
2024-01-30,C012,,0,100.00
2024-01-30,C012,,0,110.00
2024-01-30,C012,,0,271.00
2024-01-30,C012,,0,737.00
2024-01-30,C012,,0,25.00
2024-01-30,C012,,0,1507.50
2024-01-30,C012,,0,1255.00
2024-01-30,C012,,0,210.00
2024-01-30,C012,,0,100.00
2024-01-30,C012,,0,182.70
2024-01-30,C012,,0,187.50
2024-01-30,C012,,0,25.00
2024-01-30,C012,,0,1300.00
2024-01-30,C012,,0,5291.50
2024-01-30,C012,,0,-10000.00
2024-01-30,C012,,0,350.00
2024-02-01,C012,,0,3000.00
2024-02-01,C012,,0,6000.00
2024-02-01,C012,,0,2000.00
2024-02-01,C012,,0,2000.00
2024-02-01,C012,,0,1200.00
2024-02-01,C010,,0,1400.00
2024-02-01,C009,,0,78.99
2024-02-01,C009,,0,213.03
2024-02-01,C009,,0,112.98
2024-02-01,C013,,0,4000.00
2024-02-01,C010,,0,418.60
2024-02-01,C010,,0,244.65
2024-02-01,C006,,0,1218.90
2024-02-03,C004,,0,3477.30
2024-02-03,C004,,0,672.90
2024-02-06,C014,,0,2165.00
2024-02-06,C014,,0,564.00
2024-02-07,C014,,0,300.00
2024-02-07,C015,,0,300.00
2024-02-07,C015,,0,600.00
2024-02-07,C003,,0,2165.00
2024-02-07,C003,,0,650.00
2024-02-07,C015,,0,340.80
2024-02-07,C015,,0,47.40
2024-02-07,C003,,0,425.10
2024-02-08,C016,,0,369.90
2024-02-08,C016,,0,15.90
2024-02-08,C016,,0,366.00
2024-02-08,C016,,0,26.25
2024-02-08,C016,,0,2244.45
2024-02-08,C016,,0,28.80
2024-02-08,C016,,0,830.20
2024-02-13,C004,,0,3600.00
2024-02-13,C004,,0,600.00
2024-02-14,C017,,0,1300.00
2024-02-14,C017,,0,450.00
2024-02-15,C018,,0,600.00
2024-02-21,C019,,0,700.00
2024-02-22,C018,,0,600.00
2024-02-23,C020,,0,3000.00
2024-02-24,C021,,0,1625.00
2024-03-01,C022,,0,300.00
2024-03-01,C003,,0,650.00
2024-03-01,C012,,0,250.00
2024-03-01,C012,,0,170.50
2024-03-01,C012,,0,6.30
2024-03-01,C012,,0,1182.50
2024-03-01,C012,,0,441.50
2024-03-01,C012,,0,725.00
2024-03-01,C012,,0,829.50
2024-03-01,C012,,0,643.50
2024-03-01,C012,,0,330.00
2024-03-01,C012,,0,116.40
2024-03-01,C012,,0,208.50
2024-03-01,C012,,0,25.00
2024-03-01,C012,,0,300.00
2024-03-01,C023,,0,228.30
2024-03-01,C009,,0,135.00
2024-03-01,C006,,0,1337.10
2024-03-04,C024,,0,2000.00
2024-03-04,C014,,0,2165.00
2024-03-04,C014,,0,300.00
2024-03-04,C014,,0,1462.50
2024-03-05,C012,,0,3208.00
2024-03-05,C012,,0,195.00
2024-03-05,C012,,0,75.00
2024-03-05,C012,,0,250.00
2024-03-05,C012,,0,6250.50
2024-03-05,C012,,0,1683.50
2024-03-05,C012,,0,5.95
2024-03-05,C012,,0,887.70
2024-03-05,C012,,0,6137.50
2024-03-05,C016,,0,24.60
2024-03-05,C016,,0,221.40
2024-03-05,C016,,0,2119.20
2024-03-05,C005,,0,3370.00
2024-03-07,C009,,0,17.55
2024-03-07,C009,,0,47.34
2024-03-07,C009,,0,25.11
2024-03-08,C025,,0,1000.00
2024-03-08,C023,,0,271.65
2024-03-09,C015,,0,600.00
2024-03-09,C015,,0,300.00
2024-03-09,C015,,0,250.00
2024-03-11,C026,,0,1200.00
2024-03-11,C026,,0,1200.00
2024-03-12,C027,,0,600.00
2024-03-15,C004,,0,3600.00
2024-03-15,C004,,0,600.00
2024-03-15,C010,,0,1400.00
2024-03-15,C028,,0,300.00
2024-03-15,C029,,0,329.55
2024-03-15,C029,,0,59.70
2024-03-16,C021,,0,2000.00
2024-03-18,C024,,0,2000.00
2024-03-18,C009,,0,22.50
2024-03-18,C030,,0,45.00
2024-03-19,C031,,0,4000.00
2024-03-20,C006,,0,1200.00
2024-03-22,C018,,0,300.00
2024-03-25,C005,,0,4000.00
2024-03-25,C032,,0,600.00
2024-03-25,C005,,0,3969.50
2024-03-26,C011,,0,60.00
2024-03-28,C012,,0,-14200.00
2024-03-28,C012,,0,696.00
2024-03-28,C012,,0,359.50
2024-03-28,C012,,0,1359.00
2024-03-28,C012,,0,73.10
2024-03-28,C012,,0,1925.00
2024-03-28,C012,,0,465.92
2024-03-28,C012,,0,2000.00
2024-03-28,C012,,0,1270.65
2024-03-28,C012,,0,2372.50
2024-03-28,C012,,0,1430.00
2024-03-28,C012,,0,735.30
2024-03-28,C012,,0,4812.50
2024-03-28,C033,,0,300.00
2024-03-28,C012,,0,176.10
2024-03-28,C012,,0,1485.00
2024-03-28,C012,,0,175.00
2024-03-28,C012,,0,55.50
2024-03-28,C030,,0,45.00
2024-03-29,C020,,0,1500.00
2024-03-29,C001,,0,803.25
2024-03-29,C001,,0,25.00
2024-03-29,C001,,0,2371.73
2024-03-29,C001,,0,1177.50
2024-03-29,C001,,0,1537.50
2024-03-29,C001,,0,799.00
2024-03-29,C001,,0,194.50
2024-03-29,C001,,0,260.05
2024-03-29,C023,,0,373.20
2024-04-01,C012,,0,6000.00
2024-04-01,C012,,0,480.00
2024-04-01,C012,,0,960.00
2024-04-01,C012,,0,2800.00
2024-04-01,C012,,0,480.00
2024-04-01,C012,,0,3600.00
2024-04-01,C019,,0,700.00
2024-04-02,C003,,0,650.00
2024-04-02,C016,,0,492.90
2024-04-02,C016,,0,542.25
2024-04-02,C016,,0,409.95
2024-04-05,C015,,0,600.00
2024-04-05,C015,,0,600.00
2024-04-05,C031,,0,6000.00
2024-04-07,C026,,0,300.00
2024-04-08,C034,,0,324.00
2024-04-08,C034,,0,216.00
2024-04-09,C020,,0,1200.00
2024-04-10,C035,,0,700.00
2024-04-10,C036,,0,5400.00
2024-04-11,C004,,0,3600.00
2024-04-11,C004,,0,600.00
2024-04-11,C034,,0,216.00
2024-04-11,C034,,0,144.00
2024-04-11,C030,,0,22.50
2024-04-11,C030,,0,22.50
2024-04-16,C010,,0,1216.25
2024-04-16,C005,,0,4000.00
2024-04-17,C015,,0,5.00
2024-04-17,C021,,0,1800.00
2024-04-17,C009,,0,78.38
2024-04-19,C015,,0,1195.00
2024-04-22,C034,,0,405.00
2024-04-22,C034,,0,324.00
2024-04-22,C034,,0,81.00
2024-04-24,C030,,0,22.50
2024-04-24,C030,,0,22.50
2024-04-24,C037,,0,900.00
2024-04-25,C006,,0,1200.00
2024-04-25,C020,,0,3000.00
2024-04-25,C020,,0,1288.60
2024-04-25,C020,,0,520.00
2024-04-25,C033,,0,600.00
2024-04-25,C013,,0,900.00
2024-04-26,C014,,0,1000.00
2024-04-28,C013,,0,1350.00
2024-04-29,C014,,0,252.30
2024-04-29,C014,,0,6728.00
2024-04-29,C012,,0,150.00
2024-04-29,C012,,0,10000.00
2024-04-29,C012,,0,278.70
2024-04-29,C012,,0,99.00
2024-04-29,C012,,0,9.00
2024-04-29,C012,,0,126.00
2024-04-29,C012,,0,112.50
2024-04-29,C012,,0,36.00
2024-04-29,C012,,0,85.50
2024-04-29,C012,,0,54.00
2024-04-29,C012,,0,58.50
2024-04-29,C012,,0,63.00
2024-04-30,C034,,0,45.00
2024-04-30,C034,,0,36.00
2024-04-30,C034,,0,9.00
2024-05-01,C010,,0,2100.00
2024-05-01,C010,,0,1400.00
2024-05-01,C038,,0,300.00
2024-05-02,C039,,0,1500.00
2024-05-02,C015,,0,600.00
2024-05-02,C016,,0,708.75
2024-05-02,C016,,0,79.63
2024-05-02,C016,,0,211.62
2024-05-02,C016,,0,58.50
2024-05-02,C016,,0,532.80
2024-05-02,C016,,0,857.70
2024-05-03,C003,,0,650.00
2024-05-03,C023,,0,300.15
2024-05-09,C036,,0,3600.00
2024-05-10,C004,,0,3240.00
2024-05-10,C004,,0,540.00
2024-05-17,C023,,0,300.00
2024-05-20,C031,,0,7000.00
2024-05-20,C013,,0,1350.00
2024-05-20,C021,,0,1800.00
2024-05-21,C014,,0,6307.50
2024-05-21,C014,,0,252.30
2024-05-21,C014,,0,504.60
2024-05-21,C006,,0,1200.00
2024-05-21,C040,,0,1500.00
2024-05-24,C013,,0,1350.00
2024-05-24,C018,,0,600.00
2024-05-24,C004,,0,270.00
2024-05-24,C019,,0,700.00
2024-05-28,C005,,0,4000.00
2024-05-29,C012,,0,904.21
2024-05-29,C012,,0,-209.26
2024-05-29,C012,,0,184.46
2024-05-29,C012,,0,-186.01
2024-05-29,C012,,0,258.34
2024-05-29,C012,,0,-425.03
2024-05-29,C012,,0,805.26
2024-05-29,C012,,0,3138.89
2024-05-29,C012,,0,775.03
2024-05-29,C012,,0,178.26
2024-05-29,C012,,0,1007.55
2024-05-29,C012,,0,439.19
2024-05-29,C012,,0,62.00
2024-05-29,C012,,0,90.42
2024-05-29,C012,,0,1743.83
2024-05-29,C012,,0,47.28
2024-05-29,C012,,0,-5166.90
2024-05-29,C012,,0,10000.00
2024-05-30,C027,,0,600.00
2024-06-04,C041,,0,1400.00
2024-06-04,C041,,0,350.00
2024-06-04,C010,,0,1400.00
2024-06-04,C021,,0,1766.15
2024-06-04,C016,,0,373.80
2024-06-04,C016,,0,870.60
2024-06-04,C016,,0,450.00
2024-06-04,C016,,0,270.90
2024-06-05,C026,,0,600.00
2024-06-05,C012,,0,33.75
2024-06-05,C012,,0,81.00
2024-06-05,C012,,0,8.10
2024-06-05,C012,,0,135.00
2024-06-05,C012,,0,112.50
2024-06-05,C012,,0,216.00
2024-06-05,C012,,0,36.00
2024-06-05,C012,,0,27.00
2024-06-05,C012,,0,9.00
2024-06-05,C012,,0,22.50
2024-06-05,C012,,0,9.00
2024-06-05,C012,,0,58.50
2024-06-07,C042,,0,1800.00
2024-06-07,C043,,0,1500.00
2024-06-07,C023,,0,300.00
2024-06-07,C023,,0,300.00
2024-06-08,C003,,0,574.00
2024-06-13,C004,,0,3179.07
2024-06-13,C004,,0,529.85
2024-06-14,C006,,0,600.00
2024-06-18,C005,,0,4000.00
2024-06-18,C040,,0,1000.00
2024-06-20,C044,,0,1500.00
2024-06-21,C013,,0,4230.00
2024-06-24,C010,,0,500.00
2024-06-24,C004,,0,540.00
2024-06-26,C028,,0,300.00
2024-06-30,C041,,0,140.00
2024-07-01,C012,,0,204.43
2024-07-01,C012,,0,318.72
2024-07-01,C012,,0,15.73
2024-07-01,C012,,0,3031.86
2024-07-01,C012,,0,1953.10
2024-07-01,C012,,0,1462.46
2024-07-01,C012,,0,1556.82
2024-07-01,C012,,0,169.83
2024-07-01,C012,,0,707.64
2024-07-01,C012,,0,94.35
2024-07-01,C012,,0,62.90
2024-07-01,C012,,0,959.25
2024-07-01,C012,,0,1306.97
2024-07-01,C012,,0,794.13
2024-07-01,C012,,0,345.96
2024-07-01,C012,,0,628.70
2024-07-01,C012,,0,47.18
2024-07-01,C012,,0,-6290.16
2024-07-03,C041,,0,1155.00
2024-07-05,C016,,0,2366.00
2024-07-05,C016,,0,265.82
2024-07-05,C016,,0,706.43
2024-07-09,C026,,0,300.00
2024-07-09,C026,,0,1000.00
2024-07-09,C006,,0,1200.00
2024-07-09,C003,,0,650.00
2024-07-11,C018,,0,600.00
2024-07-11,C018,,0,285.00
2024-07-11,C045,,0,1715.00
2024-07-11,C046,,0,9300.00
2024-07-15,C004,,0,540.00
2024-07-15,C004,,0,4320.00
2024-07-18,C005,,0,4800.00
2024-07-18,C013,,0,900.00
2024-07-22,C019,,0,3000.00
2024-07-23,C014,,0,2523.00
2024-07-23,C014,,0,504.60
2024-07-25,C010,,0,1400.00
2024-07-25,C010,,0,315.00
2024-07-26,C023,,0,800.00
2024-07-26,C031,,0,8000.00
2024-07-31,C012,,0,8.40
2024-07-31,C012,,0,606.16
2024-07-31,C012,,0,27.46
2024-07-31,C012,,0,1979.90
2024-07-31,C012,,0,2195.57
2024-07-31,C012,,0,30.43
2024-07-31,C012,,0,63.59
2024-07-31,C012,,0,0.89
2024-07-31,C012,,0,30.46
2024-07-31,C012,,0,2197.46
2024-07-31,C012,,0,33.70
2024-07-31,C012,,0,2430.30
2024-07-31,C012,,0,0.66
2024-07-31,C012,,0,48.18
2024-07-31,C012,,0,3.31
2024-07-31,C012,,0,239.17
2024-07-31,C012,,0,138.08
2024-07-31,C012,,0,1.92
2024-07-31,C012,,0,455.69
2024-07-31,C012,,0,6.31
2024-07-31,C012,,0,7.66
2024-07-31,C012,,0,552.34
2024-07-31,C012,,0,611.53
2024-07-31,C012,,0,8.47
2024-07-31,C012,,0,9.72
2024-07-31,C012,,0,701.08
2024-07-31,C012,,0,374.80
2024-07-31,C012,,0,5.20
2024-07-31,C012,,0,12.25
2024-07-31,C012,,0,883.75
2024-07-31,C012,,0,272.22
2024-07-31,C012,,0,3.78
2024-07-31,C012,,0,5.47
2024-07-31,C012,,0,394.53
2024-07-31,C012,,0,9.66
2024-07-31,C012,,0,696.42
2024-07-31,C012,,0,1479.49
2024-07-31,C012,,0,20.51
2024-07-31,C012,,0,1712.26
2024-07-31,C012,,0,23.74
2024-08-01,C012,,0,904.20
2024-08-02,C021,,0,1800.00
2024-08-02,C003,,0,650.00
2024-08-02,C046,,0,9300.00
2024-08-05,C014,,0,2649.23
2024-08-05,C014,,0,883.08
2024-08-05,C014,,0,264.92
2024-08-07,C043,,0,1200.00
2024-08-07,C041,,0,315.00
2024-08-07,C041,,0,280.00
2024-08-07,C041,,0,280.00
2024-08-07,C041,,0,38.00
2024-08-12,C042,,0,1800.00
2024-08-14,C012,,0,35.76
2024-08-14,C012,,0,56.00
2024-08-14,C012,,0,2859.84
2024-08-14,C012,,0,896.00
2024-08-14,C012,,0,314.40
2024-08-14,C012,,0,1767.84
2024-08-14,C012,,0,84.00
2024-08-14,C012,,0,3024.00
2024-08-14,C012,,0,87.36
2024-08-14,C012,,0,336.00
2024-08-14,C012,,0,740.00
2024-08-14,C012,,0,82.08
2024-08-14,C012,,0,1720.00
2024-08-14,C012,,0,255.20
2024-08-14,C012,,0,196.00
2024-08-14,C012,,0,560.00
2024-08-14,C012,,0,312.24
2024-08-14,C012,,0,224.00
2024-08-19,C016,,0,7.05
2024-08-19,C016,,0,474.56
2024-08-19,C016,,0,1531.44
2024-08-19,C016,,0,241.95
2024-08-19,C016,,0,941.05
2024-08-19,C016,,0,803.95
2024-08-23,C023,,0,300.00
2024-08-26,C047,,0,120.00
2024-08-27,C026,,0,1000.00
2024-08-27,C026,,0,300.00
2024-09-04,C014,,0,1261.50
2024-09-04,C014,,0,841.00
2024-09-04,C014,,0,846.05
2024-09-06,C003,,0,650.00
2024-09-06,C048,,0,240.00
2024-09-06,C049,,0,46.40
2024-09-06,C049,,0,532.50
2024-09-06,C049,,0,498.60
2024-09-11,C050,,0,1375.00
2024-09-18,C045,,0,140.00
2024-09-27,C015,,0,316.50
2024-09-30,C012,,0,40.94
2024-09-30,C012,,0,1380.30
2024-09-30,C012,,0,2932.50
2024-09-30,C012,,0,374.89
2024-09-30,C012,,0,1089.09
2024-09-30,C012,,0,1644.30
2024-09-30,C012,,0,66.43
2024-09-30,C012,,0,75.58
2024-09-30,C012,,0,157.10
2024-09-30,C012,,0,852.82
2024-09-30,C012,,0,160.46
2024-09-30,C012,,0,1289.64
2024-09-30,C012,,0,59.84
2024-09-30,C012,,0,1725.03
2024-09-30,C012,,0,2034.79
2024-09-30,C012,,0,83.78
2024-10-02,C012,,0,36372.00
2024-10-03,C003,,0,650.00
2024-10-03,C016,,0,8.25
2024-10-03,C016,,0,555.19
2024-10-03,C016,,0,1791.66
2024-10-03,C016,,0,283.05
2024-10-03,C016,,0,1100.95
2024-10-03,C016,,0,940.55
2024-10-03,C016,,0,825.00
2024-10-03,C016,,0,2190.00
2024-10-03,C016,,0,145.80
2024-10-03,C016,,0,37.50
2024-10-03,C016,,0,1197.50
2024-10-03,C016,,0,910.95
2024-10-03,C016,,0,1461.60
2024-10-03,C016,,0,464.58
2024-10-03,C016,,0,453.07
2024-10-03,C016,,0,74.28
2024-10-03,C016,,0,185.56
2024-10-03,C016,,0,266.20
2024-10-03,C016,,0,24.94
2024-10-03,C016,,0,531.37
2024-10-07,C041,,0,507.50
2024-10-07,C041,,0,114.00
2024-10-07,C041,,0,525.00
2024-10-07,C041,,0,105.00
2024-10-08,C012,,0,13.78
2024-10-08,C012,,0,464.82
2024-10-08,C012,,0,987.50
2024-10-08,C012,,0,126.23
2024-10-08,C012,,0,366.75
2024-10-08,C012,,0,553.70
2024-10-08,C012,,0,22.37
2024-10-08,C012,,0,25.46
2024-10-08,C012,,0,52.90
2024-10-08,C012,,0,287.18
2024-10-08,C012,,0,54.02
2024-10-08,C012,,0,434.28
2024-10-08,C012,,0,20.16
2024-10-08,C012,,0,580.89
2024-10-08,C012,,0,685.21
2024-10-08,C012,,0,28.22
2024-10-15,C012,,0,3158.08
2024-10-15,C012,,0,792.00
2024-10-15,C012,,0,70.00
2024-10-15,C012,,0,322.80
2024-10-15,C012,,0,38.64
2024-10-15,C012,,0,115.80
2024-10-15,C012,,0,96.00
2024-10-15,C012,,0,916.80
2024-10-15,C012,,0,1400.00
2024-10-15,C012,,0,2463.84
2024-10-15,C012,,0,2376.00
2024-10-15,C012,,0,160.00
2024-10-15,C012,,0,3320.00
2024-10-15,C012,,0,48.00
2024-10-23,C049,,0,885.00
2024-10-23,C049,,0,60.00
2024-10-23,C049,,0,180.00
2024-10-23,C049,,0,380.55
2024-10-25,C023,,0,1052.80
2024-10-28,C046,,0,42900.00
2024-10-30,C014,,0,158.53
2024-10-30,C050,,0,156.00
2024-10-30,C051,,0,2500.00
2024-11-04,C049,,0,1200.00
2024-11-04,C049,,0,180.00
2024-11-05,C031,,0,634.00
2024-11-06,C003,,0,650.00
2024-11-06,C003,,0,73.05
2024-11-12,C046,,0,42900.00
2024-11-12,C046,,0,42900.00
2024-11-20,C016,,0,1290.42
2024-11-20,C016,,0,1258.43
2024-11-20,C016,,0,206.32
2024-11-20,C016,,0,515.44
2024-11-20,C016,,0,739.40
2024-11-20,C016,,0,69.26
2024-11-20,C016,,0,1475.93
2024-11-21,C052,,0,671.85
2024-11-21,C052,,0,903.60
2024-11-29,C023,,0,549.15
2024-12-04,C016,,0,544.95
2024-12-04,C016,,0,1383.30
2024-12-04,C016,,0,695.50
2024-12-04,C016,,0,105.00
2024-12-04,C016,,0,663.90
2024-12-06,C003,,0,650.00
2024-12-09,C053,,0,1540.00
2024-12-09,C046,,0,22000.00
2024-12-10,C012,,0,2746.88
2024-12-10,C012,,0,1398.00
2024-12-10,C012,,0,2059.20
2024-12-10,C012,,0,1160.00
2024-12-10,C012,,0,138.24
2024-12-10,C012,,0,406.00
2024-12-10,C012,,0,2232.24
2024-12-10,C012,,0,237.12
2024-12-10,C012,,0,567.36
2024-12-10,C012,,0,300.12
2024-12-10,C012,,0,72.00
2024-12-10,C012,,0,4120.00
2024-12-10,C012,,0,1200.00
2024-12-10,C012,,0,2041.44
2024-12-10,C012,,0,1254.00
2024-12-10,C012,,0,288.00
2024-12-10,C012,,0,293.60
2024-12-10,C012,,0,2060.00
2024-12-10,C012,,0,48.00
2024-12-13,C004,,0,17.28
2024-12-13,C052,,0,157.50
2024-12-13,C052,,0,464.40
2024-12-13,C051,,0,2500.00
2024-12-26,C016,,0,15.15
2024-12-26,C016,,0,1340.70
2024-12-26,C016,,0,691.00
2024-12-26,C016,,0,23.10
2024-12-26,C016,,0,822.90
2024-12-27,C016,,0,1203.30
2024-12-27,C016,,0,166.50
2024-12-27,C016,,0,554.10
2024-12-31,C017,,0,600.00
2024-12-31,C012,,0,2368.67
2024-12-31,C012,,0,2274.83
2024-12-31,C012,,0,88.88
2024-12-31,C012,,0,76.19
2024-12-31,C012,,0,21.16
2024-12-31,C012,,0,17.27
2024-12-31,C012,,0,382.63
2024-12-31,C012,,0,1544.83
2024-12-31,C012,,0,2981.30
2024-12-31,C012,,0,305.75
2024-12-31,C012,,0,225.38
2024-12-31,C012,,0,1262.95
2024-12-31,C012,,0,1086.75
2024-12-31,C012,,0,328.02
2024-12-31,C012,,0,25.39
2025-01-02,C023,,0,170.40
2025-01-03,C054,,0,928.00
2025-01-03,C054,,0,2228.50
2025-01-03,C012,,0,230.00
2025-01-03,C012,,0,2224.50
2025-01-03,C012,,0,3604.20
2025-01-03,C012,,0,67.50
2025-01-03,C012,,0,108.80
2025-01-03,C012,,0,125.60
2025-01-03,C012,,0,302.70
2025-01-03,C012,,0,809.85
2025-01-03,C012,,0,654.80
2025-01-03,C012,,0,2996.50
2025-01-03,C012,,0,1123.20
2025-01-03,C012,,0,6204.50
2025-01-03,C012,,0,60.00
2025-01-06,C026,,0,89.10
2025-01-07,C018,,0,97.65
2025-01-07,C049,,0,825.00
2025-01-07,C049,,0,600.00
2025-01-07,C049,,0,300.00
2025-01-08,C003,,0,650.00
2025-01-08,C026,,0,7800.00
2025-01-13,C049,,0,675.00
2025-01-13,C049,,0,687.50
2025-01-14,C016,,0,616.80
2025-01-14,C016,,0,225.50
2025-01-14,C016,,0,79.80
2025-01-23,C017,,0,125.00
2025-01-23,C017,,0,1512.50
2025-01-24,C055,,0,1000.00
2025-01-27,C056,,0,114.00
2025-01-27,C056,,0,150.00
2025-01-28,C047,,0,715.80
2025-01-31,C023,,0,288.30
2025-01-31,C012,A001,0,86.82
2025-01-31,C012,A002,0,186.43
2025-01-31,C012,A003,0,66.18
2025-01-31,C012,A004,0,10.69
2025-01-31,C012,A002,0,130.30
2025-01-31,C012,A005,0,18.13
2025-01-31,C012,A006,0,11.58
2025-01-31,C012,A003,0,12.53
2025-01-31,C012,A007,0,1.17
2025-01-31,C012,A008,0,21.34
2025-01-31,C012,A004,0,12.91
2025-01-31,C012,A009,0,41.46
2025-01-31,C012,A010,0,4.48
2025-01-31,C012,A011,0,2.34
2025-01-31,C012,A004,0,6.89
2025-01-31,C012,A012,0,149.38
2025-01-31,C012,A007,0,35.20
2025-01-31,C012,A013,0,3.57
2025-01-31,C012,A008,0,3.15
2025-01-31,C012,A002,0,13.23
2025-01-31,C012,A003,0,36.88
2025-01-31,C012,A009,0,8.32
2025-01-31,C012,A001,0,18.55
2025-01-31,C012,A014,0,165.79
2025-01-31,C012,A015,0,24.48
2025-01-31,C012,A016,0,91.11
2025-01-31,C012,A003,0,8.08
2025-01-31,C012,A012,0,2.23
2025-01-31,C012,,0,1.78
2025-02-04,C057,,0,250.00
2025-02-04,C054,,0,500.00
2025-02-04,C058,,0,22.50
2025-02-05,C014,,0,730.83
2025-02-05,C053,,0,115.00
2025-02-05,C053,,0,1080.00
2025-02-05,C013,,0,1620.00
2025-02-10,C059,,0,3250.00
2025-02-10,C059,,0,5350.00
2025-02-10,C060,,0,725.00
2025-02-11,C061,,0,150.00
2025-02-11,C061,,0,550.00
2025-02-11,C054,,0,2125.00
2025-02-18,C017,,0,2575.00
2025-02-18,C017,,0,893.75
2025-02-24,C049,A005,0,411.90
2025-02-24,C049,A005,0,1588.80
2025-02-24,C047,A005,0,1303.20
2025-02-24,C049,A001,0,5167.00
2025-02-24,C049,A012,0,487.50
2025-02-24,C049,A015,0,154.20
2025-02-24,C049,A017,0,217.50
2025-02-24,C049,A018,0,122.50
2025-02-25,C010,A019,0,315.00
2025-02-26,C014,,0,1219.45
2025-02-26,C014,,0,35.45
2025-02-28,C023,,0,390.00
2025-02-28,C014,,0,588.70
2025-03-03,C059,A020,0,5118.75
2025-03-03,C059,A021,0,3633.00
2025-03-03,C059,A022,0,6075.00
2025-03-03,C059,A023,0,16600.00
2025-03-04,C049,,0,2421.50
2025-03-04,C049,,0,1058.00
2025-03-04,C049,,0,210.00
2025-03-05,C003,,0,650.00
2025-03-05,C004,,0,216.00
2025-03-06,C046,,0,57200.00
2025-03-07,C012,,0,1297.50
2025-03-07,C012,,0,4022.00
2025-03-07,C012,,0,34.20
2025-03-07,C012,,0,1350.00
2025-03-07,C012,,0,450.00
2025-03-07,C012,,0,1419.00
2025-03-07,C012,,0,475.00
2025-03-07,C012,,0,1201.20
2025-03-07,C012,,0,40.40
2025-03-07,C012,,0,30.00
2025-03-07,C012,,0,658.50
2025-03-07,C012,,0,400.00
2025-03-07,C012,,0,30.00
2025-03-07,C012,,0,1141.00
2025-03-07,C012,,0,820.00
2025-03-07,C012,,0,506.10
2025-03-07,C012,,0,390.00
2025-03-07,C012,,0,250.00
2025-03-10,C005,,0,100.20
2025-03-12,C012,,0,3227.83
2025-03-12,C012,,0,3099.97
2025-03-12,C012,,0,121.12
2025-03-12,C012,,0,103.81
2025-03-12,C012,,0,28.84
2025-03-12,C012,,0,23.53
2025-03-12,C012,,0,521.42
2025-03-12,C012,,0,2105.17
2025-03-12,C012,,0,4062.70
2025-03-12,C012,,0,416.65
2025-03-12,C012,,0,307.12
2025-03-12,C012,,0,1721.05
2025-03-12,C012,,0,1480.95
2025-03-12,C012,,0,446.98
2025-03-12,C012,,0,34.61
2025-03-12,C050,,0,1639.50
2025-03-12,C062,,0,300.00
2025-03-13,C003,,0,650.00
2025-03-14,C061,,0,2116.50
2025-03-14,C061,,0,1925.00
2025-03-14,C061,,0,342.00
2025-03-17,C054,,0,2000.00
2025-03-21,C011,,0,926.40
2025-03-25,C012,A001,0,2664.55
2025-03-25,C012,A002,0,5721.72
2025-03-25,C012,A003,0,2031.35
2025-03-25,C012,A004,0,327.94
2025-03-25,C012,A002,0,3999.10
2025-03-25,C012,A005,0,556.42
2025-03-25,C012,A006,0,355.27
2025-03-25,C012,A003,0,384.51
2025-03-25,C012,A007,0,35.80
2025-03-25,C012,A008,0,655.21
2025-03-25,C012,A004,0,396.26
2025-03-25,C012,A009,0,1272.70
2025-03-25,C012,A010,0,137.18
2025-03-25,C012,A011,0,71.87
2025-03-25,C012,A004,0,211.80
2025-03-25,C012,A012,0,4584.85
2025-03-25,C012,A007,0,1080.30
2025-03-25,C012,A013,0,109.31
2025-03-25,C012,A008,0,96.60
2025-03-25,C012,A002,0,406.29
2025-03-25,C012,A003,0,1131.95
2025-03-25,C012,A009,0,255.52
2025-03-25,C012,A001,0,569.35
2025-03-25,C012,A014,0,5088.15
2025-03-25,C012,A015,0,751.27
2025-03-25,C012,A016,0,2796.27
2025-03-25,C012,A003,0,248.15
2025-03-25,C012,A012,0,68.32
2025-03-25,C012,,0,54.66
2025-03-31,C011,,0,315.00
2025-03-31,C011,,0,632.10
2025-03-31,C011,,0,132.50
2025-04-01,C063,,0,322.00
2025-04-02,C059,,0,10800.00
2025-04-02,C059,,0,14750.00
2025-04-02,C059,,0,1055.50
2025-04-02,C059,,0,5757.75
2025-04-02,C059,,0,14450.00
2025-04-02,C004,,0,5591.65
2025-04-02,C004,,0,803.46
2025-04-03,C004,,0,163.94
2025-04-03,C004,,0,23.55
2025-04-03,C063,,0,372.00
2025-04-03,C064,,0,201.40
2025-04-08,C005,,0,424.20
2025-04-09,C012,A001,0,883.35
2025-04-09,C012,A024,0,1087.27
2025-04-09,C012,A002,0,6917.94
2025-04-09,C012,A015,0,1780.23
2025-04-09,C012,A003,0,2312.84
2025-04-09,C012,A009,0,600.17
2025-04-09,C012,A001,0,403.98
2025-04-09,C012,A004,0,275.44
2025-04-09,C012,A002,0,3307.24
2025-04-09,C012,A006,0,601.62
2025-04-09,C012,A025,0,796.75
2025-04-09,C012,A026,0,167.20
2025-04-09,C012,A008,0,715.42
2025-04-09,C012,A009,0,591.77
2025-04-09,C012,A001,0,105.34
2025-04-09,C012,A012,0,2564.99
2025-04-09,C012,A007,0,37.98
2025-04-09,C012,A006,0,463.90
2025-04-09,C012,A016,0,454.33
2025-04-09,C012,A014,0,2355.75
2025-04-09,C012,A015,0,283.27
2025-04-09,C012,A016,0,485.65
2025-04-09,C012,A012,0,3474.92
2025-04-09,C012,A015,0,683.10
2025-04-09,C012,A006,0,536.39
2025-04-09,C012,,0,57.99
2025-04-09,C050,,0,659.50
2025-04-10,C046,,0,17600.00
2025-04-11,C056,,0,975.00
2025-04-16,C003,,0,650.00
2025-04-17,C056,,0,2524.50
2025-04-18,C023,,0,388.80
2025-04-18,C023,,0,61.60
2025-04-18,C065,,0,7438.40
2025-04-23,C049,,0,1677.00
2025-04-23,C059,,0,9000.00
2025-04-23,C059,,0,17625.00
2025-04-23,C059,,0,4971.00
2025-04-23,C059,,0,12786.00
2025-04-23,C059,,0,8850.00
2025-04-23,C059,,0,11350.00
2025-04-23,C059,,0,4000.00
2025-04-25,C010,,0,1866.25
2025-04-25,C010,,0,741.25
2025-04-25,C010,,0,1090.60
2025-04-25,C023,,0,435.90
2025-05-01,C061,,0,400.00
2025-05-01,C061,,0,275.00
2025-05-01,C014,,0,123.63
2025-05-01,C014,,0,183.30
2025-05-01,C014,,0,21.03
2025-05-01,C012,,0,4546.50
2025-05-05,C012,A027,0,370.04
2025-05-05,C012,A001,0,447.63
2025-05-05,C012,A015,0,2411.54
2025-05-05,C012,A003,0,1431.62
2025-05-05,C012,A012,0,928.09
2025-05-05,C012,A003,0,3214.98
2025-05-05,C012,A004,0,656.52
2025-05-05,C012,A024,0,477.47
2025-05-05,C012,A008,0,532.53
2025-05-05,C012,A016,0,611.76
2025-05-05,C012,A028,0,505.82
2025-05-05,C012,A014,0,1305.09
2025-05-05,C012,A004,0,29.84
2025-05-05,C012,A012,0,1023.58
2025-05-05,C012,A006,0,552.08
2025-05-05,C012,A014,0,62.67
2025-05-05,C012,A012,0,1815.39
2025-05-05,C012,A006,0,358.10
2025-05-05,C012,A004,0,149.21
2025-05-05,C012,,0,119.37
2025-05-05,C004,A011,0,952.69
2025-05-05,C004,A029,0,5017.14
2025-05-05,C012,,0,18186.00
2025-05-06,C016,,0,74.20
2025-05-06,C016,,0,29.40
2025-05-06,C016,,0,39.60
2025-05-06,C016,,0,31.50
2025-05-06,C016,,0,1421.40
2025-05-06,C016,,0,258.50
2025-05-06,C016,,0,64.20
2025-05-06,C016,A030,0,32.30
2025-05-06,C016,A007,0,19.50
2025-05-06,C016,A031,0,191.30
2025-05-06,C016,A030,0,22.30
2025-05-06,C016,A007,0,51.30
2025-05-06,C016,A032,0,2230.80
2025-05-06,C016,,0,130.20
2025-05-06,C016,,0,32.10
2025-05-06,C016,,0,805.50
2025-05-06,C016,,0,239.40
2025-05-06,C016,,0,150.00
2025-05-06,C064,A031,0,1759.80
2025-05-06,C064,A011,0,437.60
2025-05-06,C064,A008,0,534.20
2025-05-07,C005,A033,0,308.40
2025-05-08,C011,,0,205.00
2025-05-08,C011,,0,2850.00
2025-05-08,C011,,0,180.00
2025-05-08,C046,,0,19800.00
2025-05-09,C050,A034,0,1416.00
2025-05-09,C050,A034,0,976.50
2025-05-12,C060,A035,0,444.30
2025-05-15,C059,A021,0,18350.00
2025-05-15,C059,A036,0,9751.50
2025-05-15,C059,A037,0,13602.00
2025-05-16,C063,,0,916.00
2025-05-27,C010,A038,0,3691.75
2025-05-27,C010,A031,0,1228.50
2025-05-27,C010,A027,0,1572.20
2025-05-27,C010,A039,0,206.25
2025-05-28,C065,A040,0,122.40
2025-05-30,C066,A019,0,2212.50
2025-05-30,C023,A035,0,320.40
2025-05-31,C012,A027,0,82.97
2025-05-31,C012,A001,0,33.80
2025-05-31,C012,A041,0,7.16
2025-05-31,C012,A006,0,41.75
2025-05-31,C012,A042,0,507.77
2025-05-31,C012,A043,0,314.15
2025-05-31,C012,A042,0,47.71
2025-05-31,C012,A006,0,10.74
2025-05-31,C012,A003,0,406.84
2025-05-31,C012,A004,0,71.57
2025-05-31,C012,A024,0,499.86
2025-05-31,C012,A003,0,48.43
2025-05-31,C012,A008,0,1.29
2025-05-31,C012,A016,0,68.00
2025-05-31,C012,A014,0,54.24
2025-05-31,C012,A044,0,169.41
2025-05-31,C012,,0,14.32
2025-06-02,C013,A045,0,2700.00
2025-06-02,C012,A027,0,1169.70
2025-06-02,C012,A001,0,2769.01
2025-06-02,C012,A015,0,283.30
2025-06-02,C012,A003,0,61.50
2025-06-02,C012,A003,0,1132.80
2025-06-02,C012,A006,0,214.86
2025-06-02,C012,A004,0,446.38
2025-06-02,C012,A024,0,476.13
2025-06-02,C012,A003,0,1019.32
2025-06-02,C012,A003,0,4585.76
2025-06-02,C012,A004,0,1453.10
2025-06-02,C012,A024,0,3662.66
2025-06-02,C012,A006,0,104.15
2025-06-02,C012,A003,0,333.79
2025-06-02,C012,A008,0,97.01
2025-06-02,C012,A014,0,381.90
2025-06-02,C012,A014,0,52.08
2025-06-02,C012,A006,0,44.64
2025-06-02,C012,A004,0,5.06
2025-06-02,C012,,0,178.55
2025-06-04,C063,,0,226.00
2025-06-04,C049,A001,0,416.00
2025-06-04,C004,A011,0,1620.75
2025-06-04,C004,A029,0,5122.50
2025-06-05,C056,A045,0,1775.00
2025-06-05,C067,,0,9405.00
2025-06-09,C005,A010,0,1509.75
2025-06-09,C005,A033,0,5585.40
2025-06-11,C066,A019,0,150.00
2025-06-12,C067,,0,3800.00
2025-06-12,C064,A031,0,2468.40
2025-06-12,C064,A011,0,1475.20
2025-06-12,C064,A008,0,705.40
2025-06-12,C059,A021,0,17375.00
2025-06-12,C059,A034,0,50.50
2025-06-12,C059,A036,0,6726.00
2025-06-12,C059,A036,0,7029.00
2025-06-12,C059,A037,0,13054.00
2025-06-12,C059,,0,4500.00
2025-06-13,C012,,0,13639.50
2025-06-16,C068,A046,0,120.00
2025-06-16,C069,A035,0,175.00
2025-06-20,C069,A035,0,690.40
2025-06-23,C070,,0,228.00
2025-06-23,C070,A047,0,221.26
2025-06-23,C070,A035,0,13.43
2025-06-23,C070,A045,0,2601.61
2025-06-24,C061,A019,0,600.00
2025-06-25,C010,A039,0,1002.75
2025-06-25,C010,A039,0,488.50
2025-06-25,C010,A031,0,1297.50
2025-06-25,C010,A038,0,3429.00
2025-06-25,C010,A039,0,252.50
2025-06-25,C010,A027,0,1575.00
2025-06-27,C023,A035,0,349.35
2025-06-30,C068,A046,0,353.20
2025-06-30,C068,A046,0,206.80
2025-07-03,C013,,0,237.50
2025-07-03,C017,,0,487.50
2025-07-03,C013,A045,0,250.00
2025-07-07,C004,A011,0,1957.50
2025-07-07,C004,A029,0,5672.10
2025-07-14,C064,A031,0,2313.00
2025-07-14,C064,A011,0,933.60
2025-07-14,C064,A008,0,435.80
2025-07-15,C059,A021,0,14325.00
2025-07-15,C059,A036,0,14339.33
2025-07-15,C059,A048,0,13597.00
2025-07-15,C059,,0,6000.00
2025-07-18,C017,A019,0,606.00
2025-07-18,C017,A019,0,150.00
2025-07-18,C017,A019,0,56.25
2025-07-18,C017,A019,0,187.50
2025-07-21,C070,A045,0,1325.00
2025-07-21,C014,,0,359.28
2025-07-21,C014,,0,3083.53
2025-07-21,C014,,0,756.90
2025-07-21,C014,,0,991.54
2025-07-21,C070,A045,0,125.00
2025-07-21,C070,A035,0,834.15
2025-07-21,C070,A045,0,625.00
2025-07-21,C070,,0,22.80
2025-07-25,C023,A035,0,294.15
2025-07-30,C066,A019,0,112.50
2025-07-31,C068,A046,0,53.20
2025-08-04,C010,A039,0,763.00
2025-08-04,C010,A039,0,245.25
2025-08-04,C010,A031,0,1450.00
2025-08-04,C010,A038,0,3500.00
2025-08-04,C010,A039,0,14.25
2025-08-04,C010,A027,0,1160.60
2025-08-06,C060,A031,0,181.35
2025-08-06,C061,A019,0,200.00
2025-08-06,C004,A049,0,515.70
2025-08-06,C004,A011,0,1933.05
2025-08-06,C004,A029,0,5167.20
2025-08-11,C005,,0,5853.60
2025-08-13,C049,A001,0,2383.50
2025-08-13,C049,A034,0,3216.50
2025-08-13,C049,A006,0,540.00
2025-08-14,C064,A031,0,2999.40
2025-08-14,C064,A011,0,1292.20
2025-08-14,C064,A008,0,480.20
2025-08-14,C064,A050,0,1100.80
2025-08-15,C059,A048,0,21404.00
2025-08-22,C011,A018,0,368.00
2025-08-22,C011,A018,0,267.20
2025-08-22,C011,,0,95.00
2025-08-22,C011,A051,0,328.20
2025-08-25,C017,A019,0,581.25
2025-08-25,C017,A019,0,750.00
2025-08-26,C046,,0,9900.00
2025-08-28,C016,A003,0,164.80
2025-08-28,C016,A035,0,4.95
2025-08-28,C016,A016,0,536.10
2025-08-28,C016,A009,0,37.50
2025-08-28,C016,A024,0,1267.50
2025-08-28,C016,A014,0,261.00
2025-08-28,C016,A006,0,630.00
2025-08-28,C016,A031,0,4.95
2025-08-28,C016,A014,0,606.50
2025-08-28,C016,A032,0,15.60
2025-08-28,C016,A016,0,399.90
2025-08-28,C016,A004,0,65.10
2025-08-28,C016,A003,0,46.80
2025-08-28,C016,A006,0,330.00
2025-08-28,C016,A014,0,957.00
2025-08-28,C016,A032,0,264.90
2025-08-28,C016,A016,0,100.50
2025-08-28,C014,,0,299.61
2025-08-28,C014,,0,344.81
2025-08-28,C014,,0,231.27
2025-08-28,C016,A014,0,29.50
2025-08-28,C016,A032,0,240.60
2025-08-28,C014,,0,328.11
2025-08-28,C014,,0,393.17
2025-08-28,C014,,0,443.42
2025-08-28,C014,,0,2072.23
2025-08-28,C014,,0,525.63
2025-08-29,C023,A035,0,200.85
2025-08-31,C014,,0,27.92
2025-08-31,C014,,0,162.91
2025-08-31,C014,,0,170.92
2025-08-31,C068,A046,0,50.00
2025-09-02,C010,A039,0,625.75
2025-09-02,C010,A039,0,376.50
2025-09-02,C010,A031,0,2195.50
2025-09-02,C010,A038,0,4100.00
2025-09-02,C010,A027,0,1574.65
2025-09-03,C012,A027,0,3050.40
2025-09-03,C012,A013,0,3610.00
2025-09-03,C012,A016,0,2800.80
2025-09-03,C012,A001,0,732.00
2025-09-03,C012,A002,0,2509.50
2025-09-03,C012,A002,0,2556.75
2025-09-03,C012,A027,0,882.40
2025-09-03,C012,A013,0,3293.20
2025-09-03,C012,A016,0,3021.60
2025-09-03,C012,A001,0,678.40
2025-09-04,C070,A045,0,287.50
2025-09-04,C070,A035,0,1014.30
2025-09-04,C070,A045,0,300.00
2025-09-05,C046,,0,9900.00
2025-09-10,C057,,0,275.00
2025-09-11,C005,A010,0,2729.25
2025-09-11,C005,,0,7021.80
2025-09-12,C061,A019,0,725.00
2025-09-12,C061,,0,95.38
2025-09-12,C061,A019,0,300.00
2025-09-12,C064,A031,0,3215.80
2025-09-12,C064,A011,0,1925.60
2025-09-12,C064,A050,0,1270.60
2025-09-12,C005,,0,7991.20
2025-09-12,C059,A048,0,18827.00
2025-09-15,C070,A045,0,25.00
2025-09-15,C070,A045,0,1225.00
2025-09-15,C070,A035,0,273.00
2025-09-16,C014,,0,3000.00
2025-09-17,C017,A019,0,150.00
2025-09-17,C017,A019,0,1350.00
2025-09-19,C035,A001,0,60.00
2025-09-19,C035,A046,0,380.00
2025-09-22,C010,A039,0,882.25
2025-09-22,C010,A039,0,875.25
2025-09-22,C010,A031,0,1949.50
2025-09-22,C010,A038,0,3525.00
2025-09-22,C010,A027,0,1575.00
2025-09-25,C004,A049,0,1027.50
2025-09-25,C004,A011,0,1531.95
2025-09-25,C004,A029,0,4984.80
2025-09-26,C023,A035,0,192.75
2025-09-26,C071,A052,0,891.60
2025-09-26,C071,A053,0,80.00
2025-09-26,C071,A054,0,154.50
2025-09-29,C012,A027,0,772.39
2025-09-29,C012,A001,0,314.67
2025-09-29,C012,A041,0,66.64
2025-09-29,C012,A006,0,388.72
2025-09-29,C012,A042,0,4727.11
2025-09-29,C012,A043,0,2924.60
2025-09-29,C012,A042,0,444.25
2025-09-29,C012,A006,0,99.95
2025-09-29,C012,A003,0,3787.54
2025-09-29,C012,A004,0,666.37
2025-09-29,C012,A024,0,4653.44
2025-09-29,C012,A003,0,450.91
2025-09-29,C012,A008,0,12.00
2025-09-29,C012,A016,0,633.05
2025-09-29,C012,A014,0,504.96
2025-09-29,C012,A044,0,1577.06
2025-09-29,C012,,0,133.27
2025-09-29,C012,A001,0,160.00
2025-09-29,C012,A013,0,160.00
2025-09-29,C012,A002,0,1517.50
2025-09-30,C068,A046,0,46.80
2025-10-01,C049,A042,0,162.50
2025-10-09,C050,A055,0,2400.00
2025-10-10,C067,,0,2005.00
2025-10-14,C064,A031,0,1576.40
2025-10-14,C064,A011,0,1789.60
2025-10-14,C064,A050,0,1327.60
2025-10-14,C064,A031,0,1511.70
2025-10-15,C059,,0,6098.00
2025-10-15,C059,,0,8000.00
2025-10-15,C071,A052,0,3133.20
2025-10-15,C071,A046,0,67.50
2025-10-15,C071,A053,0,52.50
2025-10-15,C004,A049,0,1248.75
2025-10-15,C004,A011,0,1421.55
2025-10-15,C004,A029,0,4464.90
2025-10-16,C005,,0,8018.50
2025-10-20,C010,A039,0,1078.75
2025-10-20,C010,A039,0,841.00
2025-10-20,C010,A031,0,2861.75
2025-10-20,C010,,0,3700.00
2025-10-20,C010,A027,0,1580.95
2025-10-21,C072,A019,0,1339.80
2025-10-21,C072,A019,0,840.00
2025-10-21,C017,A019,0,337.50
2025-10-21,C017,A019,0,562.50
2025-10-24,C023,A035,0,217.80
2025-10-29,C067,,0,10980.00
2025-11-03,C012,A042,0,1380.45
2025-11-03,C012,A042,0,822.99
2025-11-03,C012,A056,0,492.75
2025-11-03,C012,A034,0,518.91
2025-11-03,C012,A014,0,655.79
2025-11-03,C012,A006,0,142.94
2025-11-03,C012,A004,0,90.96
2025-11-03,C012,A042,0,476.47
2025-11-03,C012,A053,0,248.20
2025-11-03,C012,A003,0,220.04
2025-11-03,C012,A004,0,97.46
2025-11-03,C012,A003,0,5112.91
2025-11-03,C012,A006,0,389.84
2025-11-03,C012,A001,0,357.35
2025-11-03,C012,A034,0,2956.25
2025-11-03,C012,A057,0,647.56
2025-11-03,C012,,0,155.93
2025-11-05,C014,,0,360.12
2025-11-05,C014,,0,2101.48
2025-11-05,C014,,0,2204.90
2025-11-10,C010,A039,0,1332.00
2025-11-10,C010,A039,0,1152.75
2025-11-10,C010,A031,0,2965.75
2025-11-10,C010,A038,0,3412.50
2025-11-10,C010,A027,0,1578.15
2025-11-12,C072,A019,0,4080.00
2025-11-12,C050,A055,0,2160.00
2025-11-12,C064,A031,0,1919.60
2025-11-12,C064,A011,0,1769.20
2025-11-12,C064,A050,0,1500.20
2025-11-12,C064,A031,0,1817.40
2025-11-14,C070,A045,0,375.00
2025-11-14,C070,A045,0,550.00
2025-11-14,C070,A035,0,557.70
2025-11-14,C070,A058,0,600.00
2025-11-14,C015,A039,0,176.25
2025-11-14,C005,,0,8036.00
2025-11-17,C004,A049,0,1241.25
2025-11-17,C004,A011,0,1360.05
2025-11-17,C004,A029,0,5550.00
2025-11-17,C071,A052,0,1656.60
2025-11-19,C017,A019,0,75.00
2025-11-19,C073,,0,360.00
2025-11-20,C074,,0,250.00
2025-11-20,C074,,0,38604.20
2025-11-20,C074,,0,82.80
2025-11-20,C074,A059,0,13668.60
2025-11-21,C014,,0,3000.00
2025-11-28,C023,A035,0,179.25
2025-12-01,C057,,0,975.00
2025-12-01,C054,,0,1579.00
2025-12-01,C054,,0,646.00
2025-12-03,C066,A019,0,131.25
2025-12-04,C012,A042,0,506.74
2025-12-04,C012,A013,0,95.27
2025-12-04,C012,A001,0,3095.74
2025-12-04,C012,A056,0,905.23
2025-12-04,C012,A042,0,718.65
2025-12-04,C012,A056,0,11.61
2025-12-04,C012,A003,0,235.40
2025-12-04,C012,A013,0,36.85
2025-12-04,C012,A042,0,3128.90
2025-12-04,C012,A056,0,1172.51
2025-12-04,C012,A046,0,55.28
2025-12-04,C012,A034,0,61.09
2025-12-04,C012,A056,0,27.64
2025-12-04,C012,A003,0,478.18
2025-12-04,C012,A053,0,3850.04
2025-12-04,C012,A016,0,1067.48
2025-12-04,C012,A034,0,274.19
2025-12-04,C012,A049,0,40.63
2025-12-04,C012,A003,0,5072.95
2025-12-04,C012,A003,0,861.92
2025-12-04,C012,A027,0,661.53
2025-12-04,C012,A034,0,625.23
2025-12-04,C012,A042,0,287.92
2025-12-04,C012,A001,0,852.25
2025-12-04,C012,A034,0,488.41
2025-12-04,C012,A057,0,550.51
2025-12-04,C012,,0,165.84
2025-12-10,C050,A055,0,540.00
2025-12-10,C050,A055,0,750.00
2025-12-12,C005,,0,7671.30
2025-12-15,C064,,0,2020.40
2025-12-15,C064,A011,0,1973.60
2025-12-15,C064,A050,0,1541.40
2025-12-15,C064,A031,0,1666.50
2025-12-15,C004,A049,0,911.25
2025-12-15,C004,A011,0,1240.50
2025-12-15,C004,A029,0,4380.00
2025-12-15,C071,A052,0,1701.00
2025-12-18,C067,,0,9323.00
2025-12-18,C059,A060,0,6688.00
2025-12-18,C059,A061,0,5984.00
2025-12-18,C059,A045,0,6512.00
2025-12-19,C075,,0,5000.00
2025-12-22,C010,A039,0,1158.00
2025-12-22,C010,,0,1412.50
2025-12-22,C010,A031,0,3593.75
2025-12-22,C010,A038,0,3500.00
2025-12-22,C010,A027,0,577.50
2025-12-26,C023,A035,0,192.30
2025-12-29,C066,A019,0,225.00
2026-01-02,C074,A062,0,27654.50
2026-01-02,C074,A063,0,2906.25
2026-01-02,C074,A064,0,13395.00
2026-01-02,C074,A065,0,2090.25
2026-01-02,C074,A066,0,219.00
2026-01-02,C074,A064,0,1670.10
2026-01-02,C074,,0,5475.00
2026-01-02,C074,A067,0,1950.00
2026-01-02,C074,A068,0,8170.00
2026-01-02,C074,A069,0,23742.40
2026-01-02,C074,A068,0,3420.00
2026-01-02,C074,A070,0,5280.00
2026-01-02,C074,A071,0,1250.00
2026-01-02,C074,A068,0,95.00
2026-01-12,C076,,0,1155.15
2026-01-12,C076,A072,0,2970.00
2026-01-12,C076,A050,0,169.35
2026-01-13,C010,A039,0,885.75
2026-01-13,C010,A031,0,82.50
2026-01-13,C010,A039,0,1382.75
2026-01-13,C010,A031,0,3142.25
2026-01-13,C010,A038,0,3637.50
2026-01-13,C010,A027,0,1295.70
2026-01-14,C005,A033,0,7712.60
2026-01-14,C071,A052,0,1952.76
2026-01-14,C071,A073,0,95.34
2026-01-15,C014,,0,352.59
2026-01-15,C014,,0,1756.43
2026-01-15,C014,,0,1892.25
2026-01-15,C072,A019,0,2359.80
2026-01-15,C064,A031,0,2208.60
2026-01-15,C064,A011,0,1756.80
2026-01-15,C064,A050,0,1438.80
2026-01-15,C064,A031,0,1775.40
2026-01-16,C004,A049,0,847.50
2026-01-16,C004,A011,0,672.90
2026-01-16,C004,A029,0,3965.10
2026-01-20,C017,A074,0,54.00
2026-01-20,C017,A019,0,675.00
2026-01-22,C077,A029,0,357.60
2026-01-30,C066,A019,0,131.25
2026-01-30,C059,A075,0,5940.00
2026-01-30,C059,A061,0,6969.60
2026-01-30,C059,A045,0,6969.60
2026-01-30,C023,A035,0,254.55
2026-02-03,C014,,0,237.41
2026-02-03,C014,,0,1560.06
2026-02-03,C014,,0,126.15
2026-02-06,C012,A042,0,72.08
2026-02-06,C012,A042,0,205.94
2026-02-06,C012,A001,0,2445.80
2026-02-06,C012,A003,0,192.35
2026-02-06,C012,A042,0,102.97
2026-02-06,C012,A031,0,56.10
2026-02-06,C012,A042,0,957.64
2026-02-06,C012,A013,0,164.76
2026-02-06,C012,A031,0,72.16
2026-02-06,C012,A046,0,74.14
2026-02-06,C012,A003,0,357.11
2026-02-06,C012,A053,0,4081.83
2026-02-06,C012,A076,0,604.65
2026-02-06,C012,A077,0,1134.76
2026-02-06,C012,A053,0,3924.07
2026-02-06,C012,A078,0,1019.43
2026-02-06,C012,A019,0,576.65
2026-02-06,C012,A031,0,472.03
2026-02-06,C012,A078,0,1102.22
2026-02-06,C012,A016,0,2286.73
2026-02-06,C012,A077,0,2943.36
2026-02-06,C012,A042,0,854.26
2026-02-06,C012,A078,0,123.57
2026-02-06,C012,A077,0,82.38
2026-02-06,C012,A079,0,391.30
2026-02-06,C012,A003,0,3709.89
2026-02-06,C012,A003,0,166.40
2026-02-06,C012,A042,0,61.78
2026-02-06,C012,A027,0,716.69
2026-02-06,C012,A077,0,173.41
2026-02-06,C012,A001,0,1164.82
2026-02-06,C012,A054,0,280.09
2026-02-06,C012,A078,0,82.38
2026-02-06,C012,A001,0,41.19
2026-02-06,C012,A054,0,84.85
2026-02-06,C012,,0,2260.16
2026-02-06,C012,,0,148.28
2026-02-06,C012,A049,0,292.16
2026-02-06,C012,A031,0,301.80
2026-02-06,C012,A039,0,258.07
2026-02-06,C012,A053,0,4705.71
2026-02-06,C012,A076,0,653.46
2026-02-06,C012,A080,0,283.88
2026-02-06,C012,A031,0,125.63
2026-02-06,C012,A031,0,1127.44
2026-02-06,C012,A004,0,14.61
2026-02-06,C012,A031,0,46.16
2026-02-06,C012,A078,0,2067.03
2026-02-06,C012,A016,0,2366.49
2026-02-06,C012,A072,0,594.06
2026-02-06,C012,A077,0,3909.48
2026-02-06,C012,A019,0,194.77
2026-02-06,C012,A079,0,4285.00
2026-02-06,C012,A003,0,1157.44
2026-02-06,C012,A042,0,146.08
2026-02-06,C012,A042,0,170.43
2026-02-06,C012,A049,0,157.04
2026-02-06,C012,A081,0,818.05
2026-02-06,C012,A001,0,913.48
2026-02-06,C012,A072,0,136.34
2026-02-06,C012,A004,0,102.26
2026-02-06,C012,,0,175.30
2026-02-06,C072,A019,0,1014.12
2026-02-06,C072,,0,44.75
2026-02-06,C072,,0,328.14
2026-02-06,C067,,0,6002.00
2026-02-10,C074,A082,0,134.80
2026-02-10,C074,A083,0,3825.65
2026-02-10,C074,A084,0,634.00
2026-02-10,C074,A085,0,643.20
2026-02-10,C074,A082,0,2154.00
2026-02-10,C074,A083,0,3009.60
2026-02-10,C074,A086,0,1766.80
2026-02-10,C074,A059,0,3681.25
2026-02-10,C012,A053,0,98.25
2026-02-10,C012,A077,0,169.85
2026-02-10,C012,A054,0,150.58
2026-02-10,C012,A019,0,112.93
2026-02-10,C012,A080,0,536.44
2026-02-10,C012,A053,0,1877.35
2026-02-10,C012,A053,0,351.60
2026-02-10,C012,A053,0,2000.82
2026-02-10,C012,A080,0,2116.02
2026-02-10,C012,A049,0,434.80
2026-02-10,C012,A031,0,425.31
2026-02-10,C012,A053,0,2262.83
2026-02-10,C012,A042,0,75.29
2026-02-10,C012,A016,0,2624.60
2026-02-10,C012,A072,0,895.95
2026-02-10,C012,A055,0,1298.75
2026-02-10,C012,A045,0,2277.51
2026-02-10,C012,A077,0,2672.18
2026-02-10,C012,A049,0,79.05
2026-02-10,C012,A077,0,323.75
2026-02-10,C012,A004,0,39.53
2026-02-10,C012,A087,0,2785.72
2026-02-10,C012,A088,0,1995.18
2026-02-10,C012,A079,0,903.48
2026-02-10,C012,A045,0,301.16
2026-02-10,C012,A003,0,190.48
2026-02-10,C012,A049,0,53.64
2026-02-10,C012,A081,0,300.41
2026-02-10,C012,A077,0,144.86
2026-02-10,C012,A001,0,363.65
2026-02-10,C012,A072,0,647.49
2026-02-10,C012,A049,0,95.99
2026-02-10,C012,A004,0,30.04
2026-02-10,C012,,0,135.52
2026-02-10,C004,A049,0,1080.00
2026-02-10,C004,A011,0,793.95
2026-02-10,C004,A029,0,3840.00
2026-02-11,C050,A055,0,725.00
2026-02-12,C074,A083,0,3904.50
2026-02-12,C074,A089,0,13208.80
2026-02-12,C072,A019,0,60.00
2026-02-12,C050,A027,0,372.50
2026-02-12,C050,A087,0,600.00
2026-02-12,C050,A055,0,360.00
2026-02-12,C064,A031,0,2218.40
2026-02-12,C064,A011,0,2531.80
2026-02-12,C064,A050,0,1894.00
2026-02-12,C064,A031,0,2106.90
2026-02-13,C005,,0,8057.70
2026-02-13,C075,A031,0,922.80
2026-02-13,C075,A031,0,450.00
2026-02-17,C010,A039,0,1028.00
2026-02-17,C010,A031,0,355.00
2026-02-17,C010,A039,0,1439.00
2026-02-17,C010,A031,0,3325.50
2026-02-17,C010,A038,0,3750.00
2026-02-17,C010,A027,0,1574.65
2026-02-18,C076,A018,0,217.50
2026-02-18,C076,A072,0,1845.00
2026-02-18,C076,A018,0,240.00
2026-02-18,C076,A072,0,600.00
2026-02-18,C076,A050,0,528.75
2026-02-18,C071,A052,0,3209.40
2026-02-24,C017,A074,0,2358.00
2026-02-24,C017,A074,0,617.00
2026-02-27,C023,A035,0,165.60
2026-02-28,C010,A039,0,333.68
2026-02-28,C010,A031,0,90.94
2026-02-28,C010,A039,0,290.23
2026-02-28,C010,A031,0,781.98
2026-02-28,C010,A038,0,872.29
2026-02-28,C010,A027,0,157.83
2026-02-28,C050,A027,0,288.25
2026-02-28,C050,A087,0,71.75
2026-02-28,C064,A031,0,773.28
2026-02-28,C064,A011,0,775.83
2026-02-28,C064,A050,0,556.65
2026-02-28,C004,A011,0,184.91
2026-02-28,C004,A029,0,775.09
2026-02-28,C005,,0,2021.60
2026-02-28,C075,A031,0,268.56
2026-02-28,C075,A031,0,472.84
2026-02-28,C075,,0,88.40
2026-03-02,C012,A042,0,549.45
2026-03-02,C012,A087,0,369.86
2026-03-02,C012,A049,0,12.33
2026-03-02,C012,A031,0,110.96
2026-03-02,C012,A052,0,455.42
2026-03-02,C012,A004,0,184.93
2026-03-02,C012,A053,0,1587.94
2026-03-02,C012,A090,0,616.44
2026-03-02,C012,A054,0,371.92
2026-03-02,C012,A049,0,122.18
2026-03-02,C012,A027,0,158.47
2026-03-02,C012,A003,0,2636.71
2026-03-02,C012,A053,0,3507.53
2026-03-02,C012,A091,0,1900.68
2026-03-02,C012,A053,0,1880.55
2026-03-02,C012,A003,0,2562.33
2026-03-02,C012,A049,0,12.33
2026-03-02,C012,A031,0,23.92
2026-03-02,C012,A053,0,52.60
2026-03-02,C012,A049,0,489.08
2026-03-02,C012,A053,0,993.29
2026-03-02,C012,A092,0,2983.15
2026-03-02,C012,A042,0,1534.52
2026-03-02,C012,A088,0,462.33
2026-03-02,C012,A016,0,3120.41
2026-03-02,C012,A072,0,715.07
2026-03-02,C012,A087,0,4273.97
2026-03-02,C012,A045,0,61.64
2026-03-02,C012,A077,0,1670.79
2026-03-02,C012,A003,0,61.64
2026-03-02,C012,A003,0,294.25
2026-03-02,C012,A001,0,256.85
2026-03-02,C012,A049,0,24.66
2026-03-02,C012,,0,147.95
2026-03-03,C066,A019,0,750.00
2026-03-04,C010,A039,0,784.66
2026-03-04,C010,A031,0,213.83
2026-03-04,C010,A039,0,682.47
2026-03-04,C010,A031,0,1838.80
2026-03-04,C010,A038,0,2051.17
2026-03-04,C010,A027,0,371.12
2026-03-05,C059,A075,0,1408.00
2026-03-05,C059,A061,0,7392.00
2026-03-05,C059,A045,0,7458.00
2026-03-10,C004,A011,0,491.44
2026-03-10,C004,A029,0,2059.91
2026-03-11,C076,A018,0,645.00
2026-03-11,C076,A072,0,1065.00
2026-03-11,C076,A072,0,1050.00
2026-03-12,C005,,0,6045.90
2026-03-13,C075,A031,0,211.44
2026-03-13,C075,A031,0,372.26
2026-03-13,C075,,0,69.60
2026-03-13,C074,A093,0,1545.50
2026-03-13,C074,A094,0,1520.00
2026-03-13,C074,A095,0,1591.25
2026-03-13,C074,A094,0,760.00
2026-03-13,C074,A095,0,3420.00
2026-03-13,C074,A096,0,10030.50
2026-03-13,C074,A097,0,1805.00
2026-03-16,C064,A031,0,1407.12
2026-03-16,C064,A011,0,1411.77
2026-03-16,C064,A050,0,1012.95
2026-03-16,C064,A031,0,123.40
2026-03-16,C064,A031,0,1973.10
2026-03-18,C072,A019,0,2040.00
2026-03-18,C071,A052,0,100.00
2026-03-18,C071,A052,0,1121.30
2026-03-19,C074,,0,1472.50
2026-03-19,C074,,0,2351.25
2026-03-19,C074,,0,380.00
2026-03-19,C074,,0,143.45
2026-03-19,C074,,0,237.50
2026-03-19,C074,,0,13490.00
2026-03-19,C074,,0,261.25
2026-03-19,C017,A019,0,112.50
2026-03-19,C017,A074,0,3840.50
2026-03-19,C017,A074,0,4141.50
2026-03-19,C017,A061,0,200.00
2026-03-20,C074,,0,1432.67
2026-03-20,C074,,0,240.66
2026-03-20,C074,,0,2125.96
2026-03-20,C074,,0,8843.64
2026-03-20,C074,,0,10500.38
2026-03-20,C074,,0,2407.92
2026-03-20,C074,,0,1382.54
2026-03-27,C023,A035,0,163.20
2026-03-30,C014,A098,0,200.58
2026-03-30,C014,A057,0,1026.44
2026-03-30,C014,A045,0,1429.70
2026-04-01,C012,A042,0,568.75
2026-04-01,C012,A074,0,49.29
2026-04-01,C012,A074,0,4019.98
2026-04-01,C012,A052,0,627.14
2026-04-01,C012,A004,0,113.75
2026-04-01,C012,A088,0,1137.49
2026-04-01,C012,A091,0,151.67
2026-04-01,C012,A099,0,210.65
2026-04-01,C012,A049,0,75.83
2026-04-01,C012,A027,0,84.26
2026-04-01,C012,A027,0,672.38
2026-04-01,C012,A003,0,966.03
2026-04-01,C012,A042,0,2390.84
2026-04-01,C012,A053,0,9177.03
2026-04-01,C012,A091,0,1377.63
2026-04-01,C012,A003,0,509.34
2026-04-01,C012,A049,0,88.47
2026-04-01,C012,A011,0,379.16
2026-04-01,C012,A049,0,341.25
2026-04-01,C012,A053,0,407.39
2026-04-01,C012,A092,0,168.52
2026-04-01,C012,A042,0,189.58
2026-04-01,C012,A088,0,273.84
2026-04-01,C012,A016,0,2078.83
2026-04-01,C012,A087,0,1853.69
2026-04-01,C012,A077,0,818.66
2026-04-01,C012,A003,0,598.66
2026-04-01,C012,A013,0,42.13
2026-04-01,C012,A081,0,56.03
2026-04-01,C012,A003,0,73.73
2026-04-01,C012,A072,0,67.41
2026-04-01,C012,,0,151.67
2026-04-03,C072,A019,0,90.00
2026-04-10,C050,A027,0,2021.75
2026-04-10,C050,A087,0,503.25
2026-04-10,C074,,0,40.38
2026-04-10,C074,,0,3028.13
2026-04-10,C074,,0,8664.00
2026-04-10,C074,,0,90.25
2026-04-10,C074,,0,1888.12
2026-04-10,C074,,0,3375.00
2026-04-10,C074,,0,1781.25
2026-04-13,C076,A072,0,1365.00
2026-04-13,C004,A011,0,734.55
2026-04-13,C004,A029,0,2880.00
2026-04-14,C064,A031,0,246.00
2026-04-14,C064,A011,0,359.40
2026-04-14,C064,A031,0,1674.20
2026-04-14,C064,A011,0,2508.20
2026-04-14,C064,A050,0,2359.00
2026-04-14,C064,A031,0,2325.00
2026-04-20,C074,,0,1514.87
2026-04-20,C074,,0,7281.37
2026-04-20,C074,,0,605.63
2026-04-20,C074,,0,13328.03
2026-04-21,C005,A033,0,8101.10
2026-04-22,C017,A100,0,1588.50
2026-04-22,C017,A100,0,1121.00
2026-04-23,C074,,0,10395.28
2026-04-23,C074,,0,3474.72
2026-04-28,C014,,0,96.30
2026-04-28,C014,,0,137.50
2026-04-30,C010,,0,1364.83
2026-04-30,C010,A031,0,189.03
2026-04-30,C010,A039,0,896.56
2026-04-30,C010,A031,0,3889.24
2026-04-30,C010,A038,0,3807.42
2026-04-30,C010,A027,0,2204.52
