date,user_id,user_role,action_type,count
2026-01-05,U001,admin,chat_started,3
2026-01-06,U001,admin,chat_started,4
2026-01-08,U001,admin,chat_started,1
2026-01-13,U002,admin,chat_started,4
2026-01-14,U001,admin,chat_started,2
2026-01-14,U002,admin,chat_started,9
2026-01-15,U002,admin,chat_started,2
2026-01-17,U002,admin,chat_started,2
2026-01-21,U002,admin,chat_started,1
2026-01-22,U002,admin,chat_started,1
2026-01-27,U001,admin,chat_started,1
2026-01-27,U002,admin,chat_started,1
2026-01-28,U002,admin,chat_started,1
2026-01-29,U002,admin,chat_started,3
2026-01-29,U003,admin,chat_started,3
2026-02-02,U002,admin,chat_started,1
2026-02-03,U001,admin,chat_started,3
2026-02-03,U003,admin,chat_started,1
2026-02-06,U004,analyst,chat_started,2
2026-02-10,U003,admin,chat_started,2
2026-02-11,U003,admin,chat_started,1
2026-02-13,U002,admin,chat_started,1
2026-02-17,U005,analyst,chat_started,1
2026-02-19,U001,admin,chat_started,1
2026-02-19,U002,admin,chat_started,2
2026-02-20,U002,admin,chat_started,7
2026-02-21,U002,admin,chat_started,4
2026-02-21,U006,analyst,chat_started,3
2026-02-23,U007,analyst,chat_started,1
2026-02-25,U002,admin,chat_started,1
2026-02-25,U008,admin,chat_started,1
2026-02-26,U001,admin,chat_started,1
2026-02-26,U001,admin,ai_run,2
2026-02-26,U002,admin,chat_started,2
2026-02-26,U002,admin,ai_run,33
2026-02-27,U002,admin,chat_started,1
2026-02-27,U002,admin,ai_run,21
2026-03-02,U009,analyst,chat_started,7
2026-03-02,U009,analyst,ai_run,14
2026-03-03,U002,admin,chat_started,3
2026-03-03,U002,admin,ai_run,16
2026-03-03,U010,admin,chat_started,1
2026-03-03,U010,admin,ai_run,18
2026-03-04,U002,admin,chat_started,7
2026-03-04,U002,admin,ai_run,74
2026-03-04,U003,admin,chat_started,1
2026-03-04,U003,admin,ai_run,9
2026-03-04,U010,admin,chat_started,2
2026-03-04,U010,admin,ai_run,24
2026-03-05,U003,admin,chat_started,2
2026-03-05,U003,admin,ai_run,14
2026-03-05,U006,analyst,chat_started,1
2026-03-05,U006,analyst,ai_run,2
2026-03-05,U010,admin,chat_started,1
2026-03-05,U010,admin,ai_run,11
2026-03-05,U011,analyst,chat_started,2
2026-03-05,U011,analyst,ai_run,4
2026-03-06,U002,admin,chat_started,2
2026-03-06,U002,admin,ai_run,15
2026-03-06,U012,analyst,chat_started,1
2026-03-06,U012,analyst,ai_run,2
2026-03-07,U013,analyst,chat_started,1
2026-03-07,U013,analyst,ai_run,2
2026-03-08,U012,analyst,chat_started,3
2026-03-08,U012,analyst,ai_run,6
2026-03-09,U003,admin,chat_started,6
2026-03-09,U003,admin,ai_run,18
2026-03-09,U013,analyst,chat_started,1
2026-03-09,U013,analyst,ai_run,4
2026-03-09,U014,admin,chat_started,3
2026-03-09,U014,admin,ai_run,6
2026-03-09,U015,admin,chat_started,2
2026-03-09,U015,admin,ai_run,13
2026-03-09,U016,analyst,ai_run,3
2026-03-11,U008,admin,chat_started,1
2026-03-11,U008,admin,ai_run,5
2026-03-12,U002,admin,chat_started,1
2026-03-12,U002,admin,ai_run,5
2026-03-12,U005,analyst,chat_started,1
2026-03-12,U005,analyst,ai_run,8
2026-03-12,U007,analyst,chat_started,1
2026-03-12,U007,analyst,ai_run,10
2026-03-16,U001,admin,chat_started,1
2026-03-16,U001,admin,ai_run,11
2026-03-16,U002,admin,chat_started,1
2026-03-16,U002,admin,ai_run,4
2026-03-16,U003,admin,chat_started,4
2026-03-16,U003,admin,ai_run,14
2026-03-16,U017,admin,chat_started,1
2026-03-16,U017,admin,ai_run,5
2026-03-17,U002,admin,chat_started,1
2026-03-17,U002,admin,ai_run,7
2026-03-17,U003,admin,chat_started,1
2026-03-17,U003,admin,ai_run,3
2026-03-17,U008,admin,chat_started,2
2026-03-17,U008,admin,ai_run,6
2026-03-17,U017,admin,chat_started,1
2026-03-17,U017,admin,ai_run,4
2026-03-18,U017,admin,chat_started,2
2026-03-18,U017,admin,ai_run,7
2026-03-18,U018,analyst,chat_started,1
2026-03-18,U018,analyst,ai_run,6
2026-03-19,U001,admin,chat_started,3
2026-03-19,U001,admin,ai_run,44
2026-03-19,U008,admin,chat_started,2
2026-03-19,U008,admin,ai_run,6
2026-03-19,U010,admin,chat_started,1
2026-03-19,U010,admin,ai_run,16
2026-03-19,U018,analyst,chat_started,2
2026-03-19,U018,analyst,ai_run,17
2026-03-20,U017,admin,chat_started,1
2026-03-20,U017,admin,ai_run,4
2026-03-21,U012,analyst,chat_started,2
2026-03-21,U012,analyst,ai_run,4
2026-03-21,U018,analyst,chat_started,1
2026-03-21,U018,analyst,ai_run,18
2026-03-23,U002,admin,chat_started,1
2026-03-23,U002,admin,ai_run,11
2026-03-23,U014,admin,chat_started,1
2026-03-23,U014,admin,ai_run,2
2026-03-23,U017,admin,chat_started,1
2026-03-23,U017,admin,ai_run,5
2026-03-23,U018,analyst,chat_started,1
2026-03-23,U018,analyst,ai_run,27
2026-03-24,U008,admin,chat_started,3
2026-03-24,U008,admin,ai_run,39
2026-03-24,U018,analyst,ai_run,28
2026-03-24,U019,admin,chat_started,4
2026-03-24,U019,admin,ai_run,15
2026-03-24,U020,admin,chat_started,1
2026-03-24,U020,admin,ai_run,9
2026-03-25,U002,admin,chat_started,1
2026-03-25,U002,admin,ai_run,4
2026-03-25,U003,admin,chat_started,3
2026-03-25,U003,admin,ai_run,61
2026-03-25,U012,analyst,chat_started,3
2026-03-25,U012,analyst,ai_run,40
2026-03-25,U021,analyst,chat_started,1
2026-03-25,U021,analyst,ai_run,2
2026-03-25,U022,analyst,chat_started,1
2026-03-25,U022,analyst,ai_run,3
2026-03-25,U023,analyst,chat_started,3
2026-03-25,U023,analyst,ai_run,21
2026-03-25,U024,analyst,chat_started,1
2026-03-25,U024,analyst,ai_run,4
2026-03-26,U010,admin,chat_started,5
2026-03-26,U010,admin,ai_run,73
2026-03-26,U011,analyst,chat_started,2
2026-03-26,U011,analyst,ai_run,10
2026-03-26,U012,analyst,chat_started,4
2026-03-26,U012,analyst,ai_run,34
2026-03-26,U017,admin,chat_started,1
2026-03-26,U017,admin,ai_run,3
2026-03-26,U025,analyst,chat_started,1
2026-03-26,U025,analyst,ai_run,2
2026-03-26,U026,analyst,chat_started,1
2026-03-26,U026,analyst,ai_run,2
2026-03-27,U002,admin,chat_started,3
2026-03-27,U002,admin,ai_run,49
2026-03-27,U010,admin,chat_started,7
2026-03-27,U010,admin,ai_run,151
2026-03-27,U012,analyst,chat_started,1
2026-03-27,U012,analyst,ai_run,7
2026-03-27,U016,analyst,ai_run,8
2026-03-27,U023,analyst,chat_started,5
2026-03-27,U023,analyst,ai_run,86
2026-03-27,U026,analyst,chat_started,1
2026-03-27,U026,analyst,ai_run,5
2026-03-28,U012,analyst,chat_started,1
2026-03-28,U012,analyst,ai_run,21
2026-03-29,U012,analyst,chat_started,2
2026-03-29,U012,analyst,ai_run,14
2026-03-30,U012,analyst,chat_started,2
2026-03-30,U012,analyst,ai_run,10
2026-03-30,U017,admin,chat_started,4
2026-03-30,U017,admin,ai_run,10
2026-03-30,U019,admin,chat_started,1
2026-03-30,U019,admin,ai_run,2
2026-03-30,U027,analyst,chat_started,1
2026-03-30,U027,analyst,ai_run,8
2026-03-31,U003,admin,chat_started,5
2026-03-31,U003,admin,ai_run,48
2026-03-31,U014,admin,chat_started,2
2026-03-31,U014,admin,ai_run,21
2026-03-31,U027,analyst,chat_started,1
2026-03-31,U027,analyst,ai_run,3
2026-03-31,U028,analyst,chat_started,2
2026-03-31,U028,analyst,ai_run,17
2026-03-31,U029,admin,chat_started,3
2026-03-31,U029,admin,ai_run,26
2026-04-01,U002,admin,chat_started,1
2026-04-01,U002,admin,ai_run,5
2026-04-01,U008,admin,chat_started,3
2026-04-01,U008,admin,ai_run,63
2026-04-01,U014,admin,ai_run,1
2026-04-01,U017,admin,chat_started,6
2026-04-01,U017,admin,ai_run,9
2026-04-01,U023,analyst,chat_started,1
2026-04-01,U023,analyst,ai_run,4
2026-04-02,U001,admin,chat_started,3
2026-04-02,U001,admin,ai_run,21
2026-04-02,U008,admin,chat_started,2
2026-04-02,U008,admin,ai_run,26
2026-04-02,U013,analyst,chat_started,1
2026-04-02,U013,analyst,ai_run,2
2026-04-02,U015,admin,chat_started,1
2026-04-02,U015,admin,ai_run,8
2026-04-02,U023,analyst,chat_started,1
2026-04-02,U023,analyst,ai_run,9
2026-04-03,U017,admin,chat_started,9
2026-04-03,U017,admin,ai_run,41
2026-04-04,U015,admin,chat_started,2
2026-04-04,U015,admin,ai_run,9
2026-04-06,U003,admin,chat_started,1
2026-04-06,U003,admin,ai_run,3
2026-04-06,U012,analyst,chat_started,1
2026-04-06,U012,analyst,ai_run,11
2026-04-06,U015,admin,chat_started,1
2026-04-06,U015,admin,ai_run,3
2026-04-07,U003,admin,chat_started,1
2026-04-07,U003,admin,ai_run,20
2026-04-07,U013,analyst,chat_started,3
2026-04-07,U013,analyst,ai_run,14
2026-04-07,U015,admin,chat_started,1
2026-04-07,U015,admin,ai_run,2
2026-04-07,U017,admin,chat_started,2
2026-04-07,U017,admin,ai_run,7
2026-04-07,U019,admin,chat_started,1
2026-04-07,U019,admin,ai_run,3
2026-04-08,U013,analyst,chat_started,6
2026-04-08,U013,analyst,ai_run,84
2026-04-08,U019,admin,chat_started,4
2026-04-08,U019,admin,ai_run,16
2026-04-08,U030,analyst,chat_started,1
2026-04-08,U030,analyst,ai_run,2
2026-04-09,U017,admin,chat_started,1
2026-04-09,U017,admin,ai_run,3
2026-04-13,U001,admin,chat_started,1
2026-04-13,U001,admin,ai_run,3
2026-04-13,U002,admin,chat_started,2
2026-04-13,U002,admin,ai_run,32
2026-04-13,U003,admin,chat_started,1
2026-04-13,U003,admin,ai_run,38
2026-04-13,U017,admin,chat_started,1
2026-04-13,U017,admin,ai_run,3
2026-04-13,U019,admin,chat_started,5
2026-04-13,U019,admin,ai_run,21
2026-04-13,U031,analyst,chat_started,1
2026-04-13,U031,analyst,ai_run,2
2026-04-13,U032,analyst,chat_started,2
2026-04-13,U032,analyst,ai_run,6
2026-04-13,U033,analyst,chat_started,1
2026-04-13,U033,analyst,ai_run,2
2026-04-14,U010,admin,chat_started,11
2026-04-14,U010,admin,ai_run,51
2026-04-14,U019,admin,chat_started,3
2026-04-14,U019,admin,ai_run,10
2026-04-14,U032,analyst,chat_started,2
2026-04-14,U032,analyst,ai_run,10
2026-04-15,U001,admin,chat_started,6
2026-04-15,U001,admin,ai_run,41
2026-04-15,U002,admin,chat_started,4
2026-04-15,U002,admin,ai_run,46
2026-04-15,U008,admin,chat_started,4
2026-04-15,U008,admin,ai_run,55
2026-04-15,U010,admin,chat_started,1
2026-04-15,U010,admin,ai_run,3
2026-04-15,U027,analyst,chat_started,1
2026-04-15,U027,analyst,ai_run,76
2026-04-16,U010,admin,chat_started,1
2026-04-16,U010,admin,ai_run,3
2026-04-16,U034,analyst,chat_started,2
2026-04-16,U034,analyst,ai_run,14
2026-04-17,U010,admin,chat_started,4
2026-04-17,U010,admin,ai_run,44
2026-04-17,U035,analyst,chat_started,1
2026-04-17,U035,analyst,ai_run,5
2026-04-18,U010,admin,ai_run,7
2026-04-18,U019,admin,chat_started,3
2026-04-18,U019,admin,ai_run,21
2026-04-19,U010,admin,chat_started,2
2026-04-19,U010,admin,ai_run,45
2026-04-19,U032,analyst,chat_started,1
2026-04-19,U032,analyst,ai_run,5
2026-04-20,U002,admin,chat_started,1
2026-04-20,U002,admin,ai_run,9
2026-04-20,U019,admin,chat_started,6
2026-04-20,U019,admin,ai_run,49
2026-04-20,U036,analyst,chat_started,1
2026-04-20,U036,analyst,ai_run,2
2026-04-21,U003,admin,chat_started,4
2026-04-21,U003,admin,ai_run,33
2026-04-21,U010,admin,chat_started,3
2026-04-21,U010,admin,ai_run,60
2026-04-21,U027,analyst,chat_started,1
2026-04-21,U027,analyst,ai_run,18
2026-04-21,U032,analyst,chat_started,1
2026-04-21,U032,analyst,ai_run,10
2026-04-21,U037,analyst,ai_run,2
2026-04-22,U010,admin,chat_started,4
2026-04-22,U010,admin,ai_run,60
2026-04-22,U015,admin,chat_started,1
2026-04-22,U015,admin,ai_run,3
2026-04-22,U038,analyst,chat_started,1
2026-04-22,U038,analyst,ai_run,2
2026-04-23,U002,admin,chat_started,1
2026-04-23,U002,admin,ai_run,10
2026-04-23,U005,analyst,chat_started,3
2026-04-23,U005,analyst,ai_run,162
2026-04-23,U007,analyst,chat_started,1
2026-04-23,U007,analyst,ai_run,2
2026-04-23,U010,admin,chat_started,3
2026-04-23,U010,admin,ai_run,69
2026-04-23,U028,analyst,chat_started,2
2026-04-23,U028,analyst,ai_run,24
2026-04-23,U030,analyst,chat_started,1
2026-04-23,U030,analyst,ai_run,21
2026-04-23,U036,analyst,chat_started,1
2026-04-23,U036,analyst,ai_run,306
2026-04-23,U037,analyst,chat_started,1
2026-04-23,U037,analyst,ai_run,132
2026-04-23,U038,analyst,chat_started,1
2026-04-23,U038,analyst,ai_run,13
2026-04-24,U010,admin,chat_started,4
2026-04-24,U010,admin,ai_run,83
2026-04-24,U012,analyst,chat_started,1
2026-04-24,U012,analyst,ai_run,1
2026-04-24,U013,analyst,chat_started,1
2026-04-24,U013,analyst,ai_run,18
2026-04-24,U035,analyst,chat_started,2
2026-04-24,U035,analyst,ai_run,20
2026-04-24,U036,analyst,chat_started,1
2026-04-24,U036,analyst,ai_run,6
2026-04-24,U039,analyst,chat_started,3
2026-04-24,U039,analyst,ai_run,44
2026-04-24,U040,analyst,chat_started,2
2026-04-24,U040,analyst,ai_run,18
2026-04-25,U027,analyst,chat_started,2
2026-04-25,U027,analyst,ai_run,10
2026-04-26,U041,analyst,chat_started,1
2026-04-26,U041,analyst,ai_run,21
2026-04-26,U042,analyst,chat_started,1
2026-04-26,U042,analyst,ai_run,179
2026-04-27,U003,admin,chat_started,2
2026-04-27,U003,admin,ai_run,38
2026-04-27,U011,analyst,chat_started,2
2026-04-27,U011,analyst,ai_run,14
2026-04-27,U014,admin,chat_started,1
2026-04-27,U014,admin,ai_run,4
2026-04-27,U027,analyst,ai_run,2
2026-04-27,U034,analyst,chat_started,18
2026-04-27,U034,analyst,ai_run,157
2026-04-27,U035,analyst,chat_started,4
2026-04-27,U035,analyst,ai_run,29
2026-04-28,U003,admin,ai_run,8
2026-04-28,U007,analyst,chat_started,2
2026-04-28,U007,analyst,ai_run,6
2026-04-28,U010,admin,chat_started,2
2026-04-28,U010,admin,ai_run,20
2026-04-28,U017,admin,chat_started,1
2026-04-28,U017,admin,ai_run,3
2026-04-28,U019,admin,chat_started,1
2026-04-28,U019,admin,ai_run,9
2026-04-28,U027,analyst,ai_run,6
2026-04-28,U034,analyst,chat_started,2
2026-04-28,U034,analyst,ai_run,5
2026-04-28,U035,analyst,chat_started,4
2026-04-28,U035,analyst,ai_run,38
2026-04-29,U013,analyst,chat_started,1
2026-04-29,U013,analyst,ai_run,2
2026-04-29,U026,analyst,chat_started,1
2026-04-29,U026,analyst,ai_run,4
2026-04-29,U031,analyst,chat_started,1
2026-04-29,U031,analyst,ai_run,4
2026-04-29,U035,analyst,chat_started,1
2026-04-29,U035,analyst,ai_run,7
2026-04-29,U043,analyst,chat_started,3
2026-04-29,U043,analyst,ai_run,6
2026-04-30,U008,admin,chat_started,1
2026-04-30,U008,admin,ai_run,3
2026-04-30,U009,analyst,chat_started,1
2026-04-30,U009,analyst,ai_run,2
2026-04-30,U010,admin,chat_started,2
2026-04-30,U010,admin,ai_run,34
2026-04-30,U011,analyst,chat_started,5
2026-04-30,U011,analyst,ai_run,41
2026-04-30,U013,analyst,chat_started,2
2026-04-30,U013,analyst,ai_run,66
2026-04-30,U017,admin,chat_started,3
2026-04-30,U017,admin,ai_run,27
2026-04-30,U027,analyst,chat_started,1
2026-04-30,U027,analyst,ai_run,10
2026-04-30,U035,analyst,chat_started,1
2026-04-30,U035,analyst,ai_run,2
